date,label,ticker,r12,rank
2025-09,Sep 25,BTC,6.72,1
2025-10,Oct 25,BTC,6.35,1
2025-11,Nov 25,BTC,6.43,1
2025-12,Dec 25,BTC,5.9,1
2026-01,Jan 26,BTC,4.46,1
2026-02,Feb 26,BTC,5.45,1
2026-03,Mar 26,BTC,5.2,1
2026-04,Apr 26,BTC,5.65,1
2026-05,May 26,BTC,5.4,1
2025-09,Sep 25,ETH,17.29,2
2025-10,Oct 25,ETH,18.11,2
2025-11,Nov 25,ETH,17.86,2
2025-12,Dec 25,ETH,17.41,2
2026-01,Jan 26,ETH,13.77,2
2026-02,Feb 26,ETH,15.69,2
2026-03,Mar 26,ETH,15.28,2
2026-04,Apr 26,ETH,13.81,2
2026-05,May 26,ETH,12.25,2
2025-09,Sep 25,BNB,9.18,5
2025-10,Oct 25,BNB,11.59,5
2025-11,Nov 25,BNB,11.68,5
2025-12,Dec 25,BNB,10.04,5
2026-01,Jan 26,BNB,8.89,4
2026-02,Feb 26,BNB,9.75,4
2026-03,Mar 26,BNB,8.85,4
2026-04,Apr 26,BNB,8.77,4
2026-05,May 26,BNB,9.13,4
2025-09,Sep 25,XRP,33.6,3
2025-10,Oct 25,XRP,35.32,4
2025-11,Nov 25,XRP,31.39,4
2025-12,Dec 25,XRP,24.3,4
2026-01,Jan 26,XRP,17.95,5
2026-02,Feb 26,XRP,19.71,5
2026-03,Mar 26,XRP,17.66,5
2026-04,Apr 26,XRP,16.39,5
2026-05,May 26,XRP,16.1,5
2025-09,Sep 25,SOL,23.48,6
2025-10,Oct 25,SOL,25.04,6
2025-11,Nov 25,SOL,24.54,6
2025-12,Dec 25,SOL,23.27,6
2026-01,Jan 26,SOL,18.07,6
2026-02,Feb 26,SOL,20.49,7
2026-03,Mar 26,SOL,18.72,7
2026-04,Apr 26,SOL,17.45,7
2026-05,May 26,SOL,16.02,7
2025-09,Sep 25,TRX,9.22,9
2025-11,Nov 25,TRX,8.15,8
2025-12,Dec 25,TRX,5.36,8
2026-01,Jan 26,TRX,3.6,8
2026-02,Feb 26,TRX,3.68,8
2026-03,Mar 26,TRX,3.36,8
2026-04,Apr 26,TRX,3.11,8
2026-05,May 26,TRX,2.78,8
2025-12,Dec 25,HYPE,56.51,13
2026-01,Jan 26,HYPE,39.67,12
2026-02,Feb 26,HYPE,44.67,13
2026-03,Mar 26,HYPE,39.91,11
2026-04,Apr 26,HYPE,34.38,10
2026-05,May 26,HYPE,33.77,9
2025-09,Sep 25,ZEC,44.38,93
2025-10,Oct 25,ZEC,63.36,23
2025-11,Nov 25,ZEC,78.4,17
2025-12,Dec 25,ZEC,77.09,15
2026-01,Jan 26,ZEC,71.55,18
2026-02,Feb 26,ZEC,76.06,25
2026-03,Mar 26,ZEC,76.51,21
2026-04,Apr 26,ZEC,72.17,11
2026-05,May 26,ZEC,72.99,11
2025-09,Sep 25,XLM,36.27,16
2025-10,Oct 25,XLM,38.81,14
2025-11,Nov 25,XLM,32.78,15
2025-12,Dec 25,XLM,25.04,17
2026-01,Jan 26,XLM,19.22,16
2026-02,Feb 26,XLM,21.27,19
2026-03,Mar 26,XLM,18.85,17
2026-04,Apr 26,XLM,17.82,20
2026-05,May 26,XLM,20.0,13
2025-09,Sep 25,ADA,36.76,10
2025-10,Oct 25,ADA,40.45,10
2025-11,Nov 25,ADA,35.77,10
2025-12,Dec 25,ADA,31.76,10
2026-01,Jan 26,ADA,23.85,10
2026-02,Feb 26,ADA,25.86,10
2026-03,Mar 26,ADA,23.03,13
2026-04,Apr 26,ADA,21.84,13
2026-05,May 26,ADA,20.73,14
2025-09,Sep 25,XMR,20.12,25
2025-10,Oct 25,XMR,21.96,21
2025-11,Nov 25,XMR,25.16,16
2025-12,Dec 25,XMR,22.04,16
2026-01,Jan 26,XMR,21.8,13
2026-02,Feb 26,XMR,24.67,14
2026-03,Mar 26,XMR,24.95,14
2026-04,Apr 26,XMR,24.38,15
2026-05,May 26,XMR,22.95,15
2025-09,Sep 25,LINK,33.15,12
2025-10,Oct 25,LINK,35.57,12
2025-11,Nov 25,LINK,26.1,13
2025-12,Dec 25,LINK,29.18,12
2026-01,Jan 26,LINK,23.11,15
2026-02,Feb 26,LINK,24.71,15
2026-03,Mar 26,LINK,22.25,15
2026-04,Apr 26,LINK,21.02,16
2026-05,May 26,LINK,20.32,16
2025-09,Sep 25,BCH,22.62,17
2025-10,Oct 25,BCH,23.56,13
2025-11,Nov 25,BCH,22.25,12
2025-12,Dec 25,BCH,19.3,11
2026-01,Jan 26,BCH,15.57,11
2026-02,Feb 26,BCH,17.86,11
2026-03,Mar 26,BCH,15.45,12
2026-04,Apr 26,BCH,13.97,14
2026-05,May 26,BCH,13.31,18
2025-09,Sep 25,GRAM,18.6,22
2025-10,Oct 25,GRAM,21.14,24
2025-11,Nov 25,GRAM,19.95,27
2025-12,Dec 25,GRAM,19.83,27
2026-01,Jan 26,GRAM,17.7,29
2026-02,Feb 26,GRAM,18.85,29
2026-03,Mar 26,GRAM,17.04,30
2026-04,Apr 26,GRAM,16.51,19
2026-05,May 26,GRAM,20.98,20
2025-09,Sep 25,HBAR,45.9,18
2025-10,Oct 25,HBAR,48.07,20
2025-11,Nov 25,HBAR,42.62,20
2025-12,Dec 25,HBAR,29.54,24
2026-01,Jan 26,HBAR,24.18,25
2026-02,Feb 26,HBAR,26.51,23
2026-03,Mar 26,HBAR,23.52,25
2026-04,Apr 26,HBAR,21.68,27
2026-05,May 26,HBAR,20.65,23
2025-09,Sep 25,LTC,25.69,20
2025-10,Oct 25,LTC,28.48,19
2025-11,Nov 25,LTC,27.78,19
2025-12,Dec 25,LTC,23.97,19
2026-01,Jan 26,LTC,17.13,22
2026-02,Feb 26,LTC,19.67,21
2026-03,Mar 26,LTC,17.17,22
2026-04,Apr 26,LTC,16.14,24
2026-05,May 26,LTC,14.91,24
2025-09,Sep 25,AVAX,29.42,15
2025-10,Oct 25,AVAX,31.92,17
2025-11,Nov 25,AVAX,30.86,21
2025-12,Dec 25,AVAX,17.17,21
2026-01,Jan 26,AVAX,23.07,23
2026-02,Feb 26,AVAX,24.63,24
2026-03,Mar 26,AVAX,22.95,24
2026-04,Apr 26,AVAX,21.47,26
2026-05,May 26,AVAX,19.91,25
2025-09,Sep 25,SUI,43.56,14
2025-10,Oct 25,SUI,41.88,16
2025-11,Nov 25,SUI,38.72,22
2025-12,Dec 25,SUI,35.24,18
2026-01,Jan 26,SUI,29.22,20
2026-02,Feb 26,SUI,31.84,26
2026-03,Mar 26,SUI,29.83,27
2026-04,Apr 26,SUI,25.81,23
2026-05,May 26,SUI,23.56,27
2025-09,Sep 25,NEAR,33.68,36
2025-10,Oct 25,NEAR,35.41,37
2025-11,Nov 25,NEAR,35.2,38
2025-12,Dec 25,NEAR,38.27,39
2026-01,Jan 26,NEAR,27.0,42
2026-02,Feb 26,NEAR,30.53,39
2026-03,Mar 26,NEAR,29.83,44
2026-04,Apr 26,NEAR,27.37,37
2026-05,May 26,NEAR,28.6,30
2025-09,Sep 25,CRO,40.61,21
2025-10,Oct 25,CRO,45.28,26
2025-11,Nov 25,CRO,39.05,26
2025-12,Dec 25,CRO,32.7,28
2026-01,Jan 26,CRO,28.32,30
2026-02,Feb 26,CRO,29.87,28
2026-03,Mar 26,CRO,23.68,31
2026-04,Apr 26,CRO,22.41,30
2026-05,May 26,CRO,20.9,31
2025-09,Sep 25,TAO,47.5,35
2025-10,Oct 25,TAO,48.68,29
2025-11,Nov 25,TAO,49.22,33
2025-12,Dec 25,TAO,44.76,35
2026-01,Jan 26,TAO,34.01,34
2026-02,Feb 26,TAO,37.58,36
2026-03,Mar 26,TAO,37.41,28
2026-04,Apr 26,TAO,36.27,32
2026-05,May 26,TAO,33.81,33
2025-09,Sep 25,MNT,25.04,27
2025-10,Oct 25,MNT,33.72,25
2025-11,Nov 25,MNT,34.26,31
2025-12,Dec 25,MNT,1.76,32
2026-01,Jan 26,MNT,26.1,33
2026-02,Feb 26,MNT,27.74,35
2026-03,Mar 26,MNT,28.07,35
2026-04,Apr 26,MNT,28.27,38
2026-05,May 26,MNT,27.54,35
2025-09,Sep 25,DOT,26.68,24
2025-10,Oct 25,DOT,29.59,28
2025-11,Nov 25,DOT,27.86,30
2025-12,Dec 25,DOT,25.94,31
2026-01,Jan 26,DOT,21.02,31
2026-02,Feb 26,DOT,24.13,32
2026-03,Mar 26,DOT,23.44,37
2026-04,Apr 26,DOT,22.66,36
2026-05,May 26,DOT,22.91,37
2025-09,Sep 25,UNI,35.49,26
2025-10,Oct 25,UNI,36.51,30
2025-11,Nov 25,UNI,36.72,28
2025-12,Dec 25,UNI,33.97,29
2026-01,Jan 26,UNI,29.5,32
2026-02,Feb 26,UNI,32.82,34
2026-03,Mar 26,UNI,32.09,36
2026-04,Apr 26,UNI,30.36,34
2026-05,May 26,UNI,28.85,39
2025-09,Sep 25,ONDO,43.36,37
2025-10,Oct 25,ONDO,45.28,42
2025-11,Nov 25,ONDO,41.76,45
2025-12,Dec 25,ONDO,34.38,54
2026-01,Jan 26,ONDO,26.39,46
2026-02,Feb 26,ONDO,28.85,50
2026-03,Mar 26,ONDO,27.21,49
2026-04,Apr 26,ONDO,24.95,40
2026-05,May 26,ONDO,26.63,43
2026-06,Jun 26,BTC,5.53,1
2026-06,Jun 26,ETH,12.95,2
2026-06,Jun 26,BNB,9.01,4
2026-06,Jun 26,XRP,16.1,6
2026-06,Jun 26,SOL,17.41,7
2026-06,Jun 26,TRX,2.62,8
2026-06,Jun 26,HYPE,33.85,9
2026-06,Jun 26,XLM,22.58,12
2026-06,Jun 26,ZEC,79.05,13
2026-06,Jun 26,XMR,25.81,14
2026-06,Jun 26,ADA,19.05,17
2026-06,Jun 26,LINK,19.83,18
2026-06,Jun 26,GRAM,23.93,21
2026-06,Jun 26,BCH,14.59,22
2026-06,Jun 26,LTC,15.53,23
2026-06,Jun 26,HBAR,20.24,24
2026-06,Jun 26,AVAX,18.89,26
2026-06,Jun 26,SUI,23.93,27
2026-06,Jun 26,CRO,19.38,30
2026-06,Jun 26,NEAR,32.78,32
2026-06,Jun 26,TAO,35.57,33
2026-06,Jun 26,DEXE,54.42,34
2026-06,Jun 26,UNI,28.27,37
2026-06,Jun 26,ASTER,38.4,38
2026-06,Jun 26,ONDO,28.89,40
2026-07,Jul 26,BTC,5.08,1
2026-07,Jul 26,ETH,12.66,2
2026-07,Jul 26,BNB,9.30,4
2026-07,Jul 26,XRP,14.46,6
2026-07,Jul 26,SOL,15.81,7
2026-07,Jul 26,TRX,2.25,8
2026-07,Jul 26,HYPE,32.17,9
2026-07,Jul 26,ZEC,79.38,12
2026-07,Jul 26,XMR,25.57,13
2026-07,Jul 26,ADA,17.04,14
2026-07,Jul 26,LINK,19.09,15
2026-07,Jul 26,XLM,20.53,16
2026-07,Jul 26,BCH,14.63,19
2026-07,Jul 26,GRAM,23.36,22
2026-07,Jul 26,LTC,14.50,23
2026-07,Jul 26,HBAR,17.86,25
2026-07,Jul 26,SUI,22.04,27
2026-07,Jul 26,AVAX,17.54,28
2026-07,Jul 26,UNI,26.96,30
2026-07,Jul 26,CRO,17.50,31
2026-07,Jul 26,NEAR,31.80,33
2026-07,Jul 26,TAO,34.09,34
2026-07,Jul 26,ONDO,28.93,35
2026-07,Jul 26,AAVE,22.04,43
2026-07,Jul 26,SKY,19.50,45
2026-06,Jun 26,MNT,26.27,45
2026-07,Jul 26,MNT,25.08,46
2026-08,Aug 26,BTC,5.24,1
2026-08,Aug 26,ETH,11.80,2
2026-08,Aug 26,BNB,8.68,4
2026-08,Aug 26,XRP,13.97,5
2026-08,Aug 26,SOL,15.65,7
2026-08,Aug 26,TRX,2.09,8
2026-08,Aug 26,HYPE,31.76,9
2026-08,Aug 26,ZEC,80.16,10
2026-08,Aug 26,XMR,25.69,12
2026-08,Aug 26,LINK,18.07,14
2026-08,Aug 26,ADA,16.31,15
2026-08,Aug 26,XLM,19.95,16
2026-08,Aug 26,BCH,14.26,17
2026-08,Aug 26,GRAM,23.48,22
2026-08,Aug 26,LTC,14.30,23
2026-08,Aug 26,UNI,28.07,24
2026-08,Aug 26,HBAR,17.58,26
2026-08,Aug 26,AVAX,16.68,27
2026-08,Aug 26,SUI,21.31,29
2026-08,Aug 26,CRO,13.85,31
2026-08,Aug 26,TAO,34.46,33
2026-08,Aug 26,NEAR,32.17,34
2026-08,Aug 26,AAVE,23.27,38
2026-08,Aug 26,WLFI,31.31,41
2026-08,Aug 26,MNT,21.22,42
2026-09,Sep 26,BTC,5.53,1
2026-09,Sep 26,ETH,11.51,2
2026-09,Sep 26,BNB,8.40,4
2026-09,Sep 26,XRP,16.39,5
2026-09,Sep 26,SOL,15.69,7
2026-09,Sep 26,TRX,1.88,8
2026-09,Sep 26,ZEC,81.59,9
2026-09,Sep 26,HYPE,30.82,10
2026-09,Sep 26,LINK,18.97,12
2026-09,Sep 26,XMR,27.91,13
2026-09,Sep 26,ADA,17.91,14
2026-09,Sep 26,XLM,21.51,16
2026-09,Sep 26,NEAR,37.13,17
2026-09,Sep 26,BCH,16.39,18
2026-09,Sep 26,UNI,31.51,19
2026-09,Sep 26,LTC,15.49,20
2026-09,Sep 26,AVAX,19.75,23
2026-09,Sep 26,SUI,23.77,24
2026-09,Sep 26,HBAR,18.97,26
2026-09,Sep 26,GRAM,23.60,28
2026-09,Sep 26,QNT,25.00,29
2026-09,Sep 26,TAO,35.20,30
2026-09,Sep 26,CRO,17.41,32
2026-09,Sep 26,ENA,25.00,36
2026-09,Sep 26,AAVE,24.67,39
2025-09,Sep 25,ENA,70.20,30
2025-09,Sep 25,AAVE,34.01,32
2025-09,Sep 25,ETC,22.21,38
2025-09,Sep 25,APT,32.00,39
2025-09,Sep 25,WLD,51.02,41
2025-09,Sep 25,POL,27.45,44
2025-09,Sep 25,ARB,35.45,46
2025-09,Sep 25,ICP,27.74,47
2025-09,Sep 25,KAS,37.78,49
2025-09,Sep 25,ATOM,25.04,52
2025-09,Sep 25,VET,33.72,53
2025-09,Sep 25,ALGO,40.49,54
2025-09,Sep 25,KCS,7.78,55
2025-09,Sep 25,RENDER,40.77,56
2025-09,Sep 25,SEI,41.14,58
2025-09,Sep 25,FIL,27.50,59
2025-09,Sep 25,FLR,40.36,62
2025-09,Sep 25,JUP,43.44,63
2025-09,Sep 25,FET,42.25,64
2025-09,Sep 25,OP,35.20,66
2025-09,Sep 25,INJ,40.53,67
2025-09,Sep 25,XDC,36.55,68
2025-09,Sep 25,TIA,40.86,70
2025-09,Sep 25,IMX,34.83,69
2025-09,Sep 25,QNT,26.02,73
2025-09,Sep 25,STX,32.78,74
2025-09,Sep 25,AERO,44.63,76
2025-09,Sep 25,LDO,47.99,77
2025-09,Sep 25,CRV,54.30,79
2025-09,Sep 25,GRT,31.84,80
2025-09,Sep 25,PYTH,39.95,83
2025-09,Sep 25,CFX,46.68,85
2025-09,Sep 25,CAKE,36.63,87
2025-09,Sep 25,ENS,37.99,89
2025-09,Sep 25,RAY,60.53,90
2025-09,Sep 25,PENDLE,42.82,91
2025-09,Sep 25,THETA,35.24,95
2025-09,Sep 25,XTZ,29.13,97
2025-09,Sep 25,GALA,42.74,98
2025-09,Sep 25,ETHFI,52.62,99
2025-09,Sep 25,SAND,34.59,100
2025-09,Sep 25,ATH,47.25,101
2025-09,Sep 25,IOTA,40.08,102
2025-09,Sep 25,JASMY,47.25,106
2025-09,Sep 25,JTO,41.88,107
2025-09,Sep 25,MANA,32.86,108
2025-09,Sep 25,FLOW,23.89,111
2025-09,Sep 25,BTT,15.98,112
2025-09,Sep 25,DEXE,47.09,114
2025-09,Sep 25,STRK,23.48,115
2025-09,Sep 25,BSV,35.90,118
2025-09,Sep 25,DYDX,34.91,122
2025-09,Sep 25,HNT,46.27,124
2025-09,Sep 25,ZRO,44.75,126
2025-09,Sep 25,NEO,29.63,127
2025-09,Sep 25,AR,39.38,128
2025-09,Sep 25,RUNE,23.23,130
2025-09,Sep 25,RSR,52.33,131
2025-09,Sep 25,NFT,7.33,132
2025-09,Sep 25,ZK,49.83,133
2025-09,Sep 25,APE,37.78,134
2025-09,Sep 25,W,35.73,135
2025-09,Sep 25,COMP,33.23,136
2025-09,Sep 25,CHZ,26.35,137
2025-09,Sep 25,AXS,27.62,138
2025-09,Sep 25,AIOZ,62.66,139
2025-09,Sep 25,XEC,20.45,140
2025-09,Sep 25,EGLD,28.40,141
2025-09,Sep 25,XCN,94.75,143
2025-09,Sep 25,ZBCN,117.78,144
2025-09,Sep 25,SUN,17.78,145
2025-09,Sep 25,SUPER,44.26,148
2025-09,Sep 25,KAVA,25.73,149
2025-09,Sep 25,1INCH,28.44,150
2025-09,Sep 25,WEMIX,62.45,155
2025-09,Sep 25,LUNC,25.41,156
2025-09,Sep 25,TWT,22.70,157
2025-09,Sep 25,CVX,61.43,158
2025-09,Sep 25,JST,12.50,159
2025-09,Sep 25,CTC,31.47,162
2025-09,Sep 25,LPT,50.53,163
2025-09,Sep 25,DASH,24.91,164
2025-09,Sep 25,AMP,50.00,166
2025-09,Sep 25,DCR,27.37,167
2025-09,Sep 25,AKT,41.47,168
2025-09,Sep 25,SAFE,43.48,173
2025-09,Sep 25,KSM,32.74,174
2025-09,Sep 25,FTT,60.36,176
2025-09,Sep 25,VELO,60.49,177
2025-09,Sep 25,IOTX,33.44,182
2025-10,Oct 25,TRX,8.77,9
2025-10,Oct 25,AAVE,36.68,31
2025-10,Oct 25,ENA,69.87,32
2025-10,Oct 25,ETC,26.18,40
2025-10,Oct 25,APT,33.40,41
2025-10,Oct 25,POL,29.34,45
2025-10,Oct 25,WLD,51.14,46
2025-10,Oct 25,ARB,37.86,48
2025-10,Oct 25,KCS,7.13,49
2025-10,Oct 25,ICP,26.68,50
2025-10,Oct 25,ALGO,43.73,53
2025-10,Oct 25,KAS,43.27,54
2025-10,Oct 25,ATOM,26.02,55
2025-10,Oct 25,VET,35.45,57
2025-10,Oct 25,JUP,44.75,58
2025-10,Oct 25,FLR,40.53,61
2025-10,Oct 25,RENDER,43.27,63
2025-10,Oct 25,SEI,40.04,64
2025-10,Oct 25,FIL,28.44,68
2025-10,Oct 25,XDC,37.25,69
2025-10,Oct 25,IMX,39.91,70
2025-10,Oct 25,QNT,28.72,72
2025-10,Oct 25,CAKE,43.52,75
2025-10,Oct 25,INJ,41.51,77
2025-10,Oct 25,OP,34.28,78
2025-10,Oct 25,TIA,35.45,79
2025-10,Oct 25,LDO,51.80,80
2025-10,Oct 25,AERO,45.49,81
2025-10,Oct 25,STX,30.16,82
2025-10,Oct 25,CRV,58.40,84
2025-10,Oct 25,GRT,30.28,89
2025-10,Oct 25,PYTH,41.06,91
2025-10,Oct 25,XTZ,31.59,93
2025-10,Oct 25,FET,38.85,94
2025-10,Oct 25,DASH,40.28,95
2025-10,Oct 25,IOTA,43.07,96
2025-10,Oct 25,ENS,40.45,97
2025-10,Oct 25,DEXE,57.99,98
2025-10,Oct 25,CFX,46.51,99
2025-10,Oct 25,PENDLE,44.54,102
2025-10,Oct 25,SAND,34.59,103
2025-10,Oct 25,ETHFI,55.90,104
2025-10,Oct 25,THETA,33.81,106
2025-10,Oct 25,TWT,29.09,107
2025-10,Oct 25,STRK,21.55,108
2025-10,Oct 25,GALA,40.61,109
2025-10,Oct 25,JASMY,45.08,110
2025-10,Oct 25,BTT,16.55,111
2025-10,Oct 25,RAY,60.57,112
2025-10,Oct 25,MANA,35.61,115
2025-10,Oct 25,BSV,45.00,118
2025-10,Oct 25,FLOW,25.12,119
2025-10,Oct 25,SUN,23.93,121
2025-10,Oct 25,JTO,41.39,122
2025-10,Oct 25,ATH,52.86,124
2025-10,Oct 25,NFT,6.88,126
2025-10,Oct 25,MERL,57.37,128
2025-10,Oct 25,SNX,43.23,130
2025-10,Oct 25,HNT,45.41,131
2025-10,Oct 25,TRAC,62.50,132
2025-10,Oct 25,NEO,30.16,133
2025-10,Oct 25,COMP,34.91,134
2025-10,Oct 25,ZBCN,119.05,136
2025-10,Oct 25,W,36.35,139
2025-10,Oct 25,ZRO,46.47,141
2025-10,Oct 25,RSR,52.62,142
2025-10,Oct 25,JST,13.19,143
2025-10,Oct 25,WEMIX,63.40,144
2025-10,Oct 25,CHZ,25.65,145
2025-10,Oct 25,APE,33.60,146
2025-10,Oct 25,XCN,93.77,148
2025-10,Oct 25,RUNE,20.86,150
2025-10,Oct 25,XEC,20.86,151
2025-10,Oct 25,FTT,54.22,153
2025-10,Oct 25,DCR,33.19,154
2025-10,Oct 25,EGLD,27.54,157
2025-10,Oct 25,ZK,46.59,160
2025-10,Oct 25,DYDX,33.11,161
2025-10,Oct 25,BAT,30.24,162
2025-10,Oct 25,AXS,27.45,163
2025-10,Oct 25,AR,35.90,164
2025-10,Oct 25,1INCH,29.91,168
2025-10,Oct 25,LUNC,25.90,169
2025-10,Oct 25,SUPER,45.41,170
2025-11,Nov 25,AAVE,37.02,34
2025-11,Nov 25,ICP,37.29,40
2025-11,Nov 25,ETC,23.72,41
2025-11,Nov 25,ENA,63.36,42
2025-11,Nov 25,KAS,43.03,47
2025-11,Nov 25,WLD,44.76,48
2025-11,Nov 25,APT,29.63,49
2025-11,Nov 25,POL,24.54,52
2025-11,Nov 25,KCS,6.72,53
2025-11,Nov 25,QNT,27.86,54
2025-11,Nov 25,SKY,37.33,55
2025-11,Nov 25,ALGO,41.14,56
2025-11,Nov 25,ARB,34.87,58
2025-11,Nov 25,FLR,38.27,60
2025-11,Nov 25,ATOM,25.90,61
2025-11,Nov 25,FIL,34.54,62
2025-11,Nov 25,VET,31.63,63
2025-11,Nov 25,XDC,32.95,66
2025-11,Nov 25,RENDER,39.46,68
2025-11,Nov 25,SEI,35.90,69
2025-11,Nov 25,CAKE,43.23,72
2025-11,Nov 25,JUP,41.80,74
2025-11,Nov 25,DASH,59.05,75
2025-11,Nov 25,AERO,46.96,79
2025-11,Nov 25,OP,28.60,80
2025-11,Nov 25,IMX,35.41,82
2025-11,Nov 25,FET,33.48,83
2025-11,Nov 25,CRV,57.50,84
2025-11,Nov 25,STRK,26.39,85
2025-11,Nov 25,INJ,37.04,86
2025-11,Nov 25,LDO,49.34,88
2025-11,Nov 25,TIA,29.35,89
2025-11,Nov 25,STX,25.41,90
2025-11,Nov 25,GRT,26.22,93
2025-11,Nov 25,XTZ,29.38,94
2025-11,Nov 25,TEL,91.31,96
2025-11,Nov 25,KAIA,28.23,98
2025-11,Nov 25,ETHFI,54.87,99
2025-11,Nov 25,IOTA,39.38,100
2025-11,Nov 25,ENS,35.77,102
2025-11,Nov 25,PENDLE,44.13,103
2025-11,Nov 25,TWT,29.05,104
2025-11,Nov 25,PYTH,36.76,105
2025-11,Nov 25,BSV,44.54,106
2025-11,Nov 25,JST,12.17,107
2025-11,Nov 25,BAT,33.60,108
2025-11,Nov 25,CFX,45.08,109
2025-11,Nov 25,BTT,13.68,110
2025-11,Nov 25,DCR,64.50,111
2025-11,Nov 25,SAND,29.26,112
2025-11,Nov 25,HNT,47.25,114
2025-11,Nov 25,SUN,19.79,115
2025-11,Nov 25,NFT,6.02,116
2025-11,Nov 25,FLOW,22.50,118
2025-11,Nov 25,GALA,33.72,120
2025-11,Nov 25,JASMY,39.46,121
2025-11,Nov 25,MERL,57.50,122
2025-11,Nov 25,THETA,28.15,124
2025-11,Nov 25,ZK,50.65,125
2025-11,Nov 25,ZRO,44.09,127
2025-11,Nov 25,MANA,31.35,128
2025-11,Nov 25,COMP,33.40,129
2025-11,Nov 25,DEXE,58.19,130
2025-11,Nov 25,CHZ,24.13,133
2025-11,Nov 25,NEO,27.99,137
2025-11,Nov 25,MON,26.72,138
2025-11,Nov 25,RAY,50.86,139
2025-11,Nov 25,ZBCN,124.18,140
2025-11,Nov 25,EIGEN,54.71,141
2025-11,Nov 25,AR,34.13,144
2025-11,Nov 25,1INCH,32.29,145
2025-11,Nov 25,TRAC,63.64,146
2025-11,Nov 25,GLM,37.70,147
2025-11,Nov 25,XEC,19.67,148
2025-12,Dec 25,USDe,1.76,20
2025-12,Dec 25,PYUSD,0.24,30
2025-12,Dec 25,AAVE,31.84,36
2025-12,Dec 25,ETC,21.10,40
2025-12,Dec 25,ENA,54.30,41
2025-12,Dec 25,ICP,36.88,44
2025-12,Dec 25,PAXG,2.21,47
2025-12,Dec 25,WLD,44.83,48
2025-12,Dec 25,KCS,6.63,50
2025-12,Dec 25,APT,26.72,51
2025-12,Dec 25,SKY,33.68,52
2025-12,Dec 25,KAS,40.04,55
2025-12,Dec 25,POL,21.84,57
2025-12,Dec 25,ARB,33.40,58
2025-12,Dec 25,ALGO,30.98,60
2025-12,Dec 25,FIL,34.71,61
2025-12,Dec 25,ATOM,22.17,62
2025-12,Dec 25,RENDER,36.06,64
2025-12,Dec 25,VET,27.00,65
2025-12,Dec 25,XDC,25.65,67
2025-12,Dec 25,FLR,32.54,68
2025-12,Dec 25,QNT,23.48,69
2025-12,Dec 25,USDD,0.40,70
2025-12,Dec 25,SEI,34.01,73
2025-12,Dec 25,VIRTUAL,56.55,76
2025-12,Dec 25,JUP,37.29,78
2025-12,Dec 25,CAKE,37.74,79
2025-12,Dec 25,FET,34.46,80
2025-12,Dec 25,STX,24.01,81
2025-12,Dec 25,OP,27.74,83
2025-12,Dec 25,CRV,47.62,84
2025-12,Dec 25,XTZ,23.52,86
2025-12,Dec 25,AERO,50.49,87
2025-12,Dec 25,IMX,37.29,88
2025-12,Dec 25,LDO,43.56,89
2025-12,Dec 25,DASH,55.36,91
2025-12,Dec 25,INJ,36.51,92
2025-12,Dec 25,ETHFI,52.21,93
2025-12,Dec 25,TIA,28.77,95
2025-12,Dec 25,TUSD,0.36,96
2025-12,Dec 25,CHZ,23.15,97
2025-12,Dec 25,STRK,47.86,98
2025-12,Dec 25,MORPHO,44.01,99
2025-12,Dec 25,BTT,9.01,100
2025-12,Dec 25,IOTA,32.74,101
2025-12,Dec 25,GRT,24.42,103
2025-12,Dec 25,BSV,41.88,105
2025-12,Dec 25,ENS,30.90,106
2025-12,Dec 25,CFX,39.50,107
2025-12,Dec 25,SYRUP,60.94,108
2025-12,Dec 25,KAIA,22.33,111
2025-12,Dec 25,PYTH,37.62,112
2025-12,Dec 25,TWT,22.86,113
2025-12,Dec 25,JST,9.46,115
2025-12,Dec 25,SUN,14.30,116
2025-12,Dec 25,PENDLE,40.73,117
2025-12,Dec 25,TEL,83.93,118
2025-12,Dec 25,NFT,4.59,120
2025-12,Dec 25,ZK,55.24,123
2025-12,Dec 25,GALA,31.80,125
2025-12,Dec 25,ZRO,41.31,126
2025-12,Dec 25,JASMY,37.21,127
2025-12,Dec 25,BAT,32.09,128
2025-12,Dec 25,SAND,24.75,130
2025-12,Dec 25,RAY,44.22,131
2025-12,Dec 25,THETA,23.81,133
2025-12,Dec 25,DCR,65.73,135
2025-12,Dec 25,HNT,43.60,137
2025-12,Dec 25,DEXE,45.49,138
2025-12,Dec 25,NEO,25.90,140
2025-12,Dec 25,MANA,27.33,141
2025-12,Dec 25,AR,39.26,142
2025-12,Dec 25,COMP,29.30,143
2025-12,Dec 25,MERL,78.97,144
2025-12,Dec 25,ZBCN,122.41,146
2025-12,Dec 25,XCN,82.46,147
2026-01,Jan 26,AAVE,25.57,36
2026-01,Jan 26,ETC,17.54,43
2026-01,Jan 26,ICP,33.97,44
2026-01,Jan 26,SKY,28.64,48
2026-01,Jan 26,KCS,5.65,51
2026-01,Jan 26,ENA,45.90,52
2026-01,Jan 26,WLD,37.41,54
2026-01,Jan 26,POL,20.69,55
2026-01,Jan 26,APT,24.18,56
2026-01,Jan 26,ATOM,19.83,59
2026-01,Jan 26,KAS,32.99,61
2026-01,Jan 26,ALGO,24.71,62
2026-01,Jan 26,RENDER,35.94,63
2026-01,Jan 26,ARB,29.50,65
2026-01,Jan 26,QNT,19.13,68
2026-01,Jan 26,FIL,32.25,69
2026-01,Jan 26,FLR,25.81,70
2026-01,Jan 26,VET,20.32,71
2026-01,Jan 26,XDC,12.58,74
2026-01,Jan 26,DASH,57.00,75
2026-01,Jan 26,JUP,30.08,77
2026-01,Jan 26,SEI,27.37,78
2026-01,Jan 26,CAKE,26.59,80
2026-01,Jan 26,ZRO,37.33,82
2026-01,Jan 26,XTZ,19.42,83
2026-01,Jan 26,OP,29.01,84
2026-01,Jan 26,CHZ,21.06,85
2026-01,Jan 26,VIRTUAL,59.30,86
2026-01,Jan 26,STX,24.91,87
2026-01,Jan 26,FET,40.16,88
2026-01,Jan 26,CRV,37.95,89
2026-01,Jan 26,LIT,0.04,92
2026-01,Jan 26,IMX,35.49,94
2026-01,Jan 26,MORPHO,33.64,95
2026-01,Jan 26,INJ,31.22,96
2026-01,Jan 26,LDO,35.04,98
2026-01,Jan 26,ETHFI,46.39,99
2026-01,Jan 26,AERO,43.40,100
2026-01,Jan 26,KAIA,21.22,101
2026-01,Jan 26,SYRUP,52.50,102
2026-01,Jan 26,BTT,7.99,106
2026-01,Jan 26,TIA,24.63,107
2026-01,Jan 26,AXS,35.41,108
2026-01,Jan 26,GRT,23.56,109
2026-01,Jan 26,TWT,17.33,110
2026-01,Jan 26,JST,8.44,111
2026-01,Jan 26,PYTH,35.00,113
2026-01,Jan 26,IOTA,25.94,114
2026-01,Jan 26,STRK,48.52,116
2026-01,Jan 26,TEL,67.29,119
2026-01,Jan 26,CFX,33.97,120
2026-01,Jan 26,ENS,25.08,121
2026-01,Jan 26,NFT,3.07,122
2026-01,Jan 26,SUN,12.04,123
2026-01,Jan 26,JASMY,35.45,124
2026-01,Jan 26,SAND,24.05,125
2026-01,Jan 26,PENDLE,33.81,126
2026-01,Jan 26,DCR,66.92,127
2026-01,Jan 26,RAY,41.43,132
2026-01,Jan 26,ZBCN,102.50,133
2026-01,Jan 26,MANA,24.91,134
2026-01,Jan 26,THETA,26.68,136
2026-01,Jan 26,BAT,27.50,137
2026-01,Jan 26,DEXE,37.13,139
2026-02,Feb 26,AAVE,27.66,41
2026-02,Feb 26,SKY,31.27,42
2026-02,Feb 26,ICP,37.74,48
2026-02,Feb 26,ETC,19.05,49
2026-02,Feb 26,WLD,39.79,51
2026-02,Feb 26,POL,24.34,52
2026-02,Feb 26,KCS,6.88,53
2026-02,Feb 26,ENA,44.91,57
2026-02,Feb 26,ATOM,21.14,58
2026-02,Feb 26,KAS,36.51,59
2026-02,Feb 26,FLR,27.58,61
2026-02,Feb 26,APT,24.59,63
2026-02,Feb 26,MORPHO,37.66,64
2026-02,Feb 26,ALGO,25.49,65
2026-02,Feb 26,QNT,20.20,66
2026-02,Feb 26,FIL,34.75,67
2026-02,Feb 26,XDC,15.04,68
2026-02,Feb 26,RENDER,39.79,69
2026-02,Feb 26,JUP,31.22,71
2026-02,Feb 26,ARB,28.77,72
2026-02,Feb 26,VET,23.36,73
2026-02,Feb 26,STABLE,33.93,74
2026-02,Feb 26,ZRO,45.90,75
2026-02,Feb 26,DCR,75.90,78
2026-02,Feb 26,VIRTUAL,61.64,80
2026-02,Feb 26,STX,28.27,81
2026-02,Feb 26,SEI,27.99,83
2026-02,Feb 26,CAKE,28.07,84
2026-02,Feb 26,DASH,60.24,86
2026-02,Feb 26,JST,9.59,87
2026-02,Feb 26,XTZ,21.35,89
2026-02,Feb 26,ETHFI,49.42,90
2026-02,Feb 26,CHZ,23.44,91
2026-02,Feb 26,CRV,40.36,93
2026-02,Feb 26,KAIA,24.18,97
2026-02,Feb 26,FET,39.83,98
2026-02,Feb 26,NFT,4.59,99
2026-02,Feb 26,BTT,9.42,100
2026-02,Feb 26,LIT,5.90,101
2026-02,Feb 26,AERO,46.10,102
2026-02,Feb 26,IMX,36.02,103
2026-02,Feb 26,SUN,12.82,106
2026-02,Feb 26,INJ,32.91,107
2026-02,Feb 26,DEXE,37.54,109
2026-02,Feb 26,TIA,25.20,110
2026-02,Feb 26,IP,48.68,111
2026-02,Feb 26,IOTA,28.23,112
2026-02,Feb 26,GRT,8.89,113
2026-02,Feb 26,PYTH,36.76,114
2026-02,Feb 26,JASMY,38.07,115
2026-02,Feb 26,OP,28.36,117
2026-02,Feb 26,SYRUP,55.53,118
2026-02,Feb 26,LDO,35.08,119
2026-03,Mar 26,SKY,28.68,41
2026-03,Mar 26,AAVE,25.69,45
2026-03,Mar 26,ETC,18.23,50
2026-03,Mar 26,ICP,36.84,51
2026-03,Mar 26,KCS,7.86,53
2026-03,Mar 26,POL,21.68,54
2026-03,Mar 26,RENDER,33.89,55
2026-03,Mar 26,ALGO,23.27,56
2026-03,Mar 26,WLD,31.43,57
2026-03,Mar 26,KAS,33.93,58
2026-03,Mar 26,QNT,20.28,59
2026-03,Mar 26,ATOM,19.87,60
2026-03,Mar 26,ENA,39.30,63
2026-03,Mar 26,APT,22.04,64
2026-03,Mar 26,DEXE,42.91,65
2026-03,Mar 26,FLR,23.11,67
2026-03,Mar 26,FIL,34.83,68
2026-03,Mar 26,MORPHO,36.22,69
2026-03,Mar 26,ZRO,42.82,70
2026-03,Mar 26,XDC,15.08,71
2026-03,Mar 26,VET,21.27,72
2026-03,Mar 26,JST,11.22,74
2026-03,Mar 26,ARB,27.66,75
2026-03,Mar 26,JUP,33.19,77
2026-03,Mar 26,FET,40.12,79
2026-03,Mar 26,CAKE,24.18,82
2026-03,Mar 26,VIRTUAL,59.26,83
2026-03,Mar 26,CHZ,23.72,84
2026-03,Mar 26,STX,25.73,87
2026-03,Mar 26,DASH,60.82,89
2026-03,Mar 26,XTZ,20.16,90
2026-03,Mar 26,SEI,25.65,91
2026-03,Mar 26,ETHFI,46.27,92
2026-03,Mar 26,DCR,78.40,93
2026-03,Mar 26,SUN,11.80,94
2026-03,Mar 26,NFT,4.13,95
2026-03,Mar 26,CRV,35.77,97
2026-03,Mar 26,BTT,8.68,98
2026-03,Mar 26,VVV,60.12,99
2026-03,Mar 26,KAIA,23.93,100
2026-03,Mar 26,AERO,43.56,101
2026-03,Mar 26,INJ,29.46,103
2026-03,Mar 26,LDO,32.74,105
2026-03,Mar 26,CFX,32.00,106
2026-03,Mar 26,IMX,32.21,107
2026-03,Mar 26,JASMY,34.71,110
2026-03,Mar 26,TIA,24.59,111
2026-03,Mar 26,GRT,23.60,113
2026-03,Mar 26,IOTA,25.45,114
2026-04,Apr 26,SKY,26.88,44
2026-04,Apr 26,ICP,36.43,48
2026-04,Apr 26,ETC,18.40,49
2026-04,Apr 26,AAVE,25.69,51
2026-04,Apr 26,DEXE,52.29,52
2026-04,Apr 26,KCS,7.13,53
2026-04,Apr 26,ATOM,18.77,55
2026-04,Apr 26,ALGO,24.38,56
2026-04,Apr 26,POL,20.81,57
2026-04,Apr 26,KAS,32.78,58
2026-04,Apr 26,ENA,36.68,59
2026-04,Apr 26,RENDER,36.10,60
2026-04,Apr 26,QNT,20.36,61
2026-04,Apr 26,MORPHO,33.81,62
2026-04,Apr 26,WLD,31.72,63
2026-04,Apr 26,APT,20.41,66
2026-04,Apr 26,JST,12.78,67
2026-04,Apr 26,FIL,33.32,68
2026-04,Apr 26,FLR,18.81,69
2026-04,Apr 26,ARB,24.01,70
2026-04,Apr 26,VVV,59.79,71
2026-04,Apr 26,JUP,30.57,73
2026-04,Apr 26,XDC,13.64,74
2026-04,Apr 26,VET,19.63,76
2026-04,Apr 26,DASH,62.25,78
2026-04,Apr 26,INJ,28.60,82
2026-04,Apr 26,CHZ,23.85,83
2026-04,Apr 26,VIRTUAL,54.67,86
2026-04,Apr 26,CAKE,22.41,87
2026-04,Apr 26,LUNC,37.50,91
2026-04,Apr 26,FET,38.36,92
2026-04,Apr 26,SEI,23.60,93
2026-04,Apr 26,STX,24.18,94
2026-04,Apr 26,ZRO,40.57,96
2026-04,Apr 26,AERO,41.14,98
2026-04,Apr 26,SUN,12.04,99
2026-04,Apr 26,XTZ,18.93,100
2026-04,Apr 26,TIA,21.88,101
2026-04,Apr 26,CRV,31.68,102
2026-04,Apr 26,SIREN,158.77,103
2026-04,Apr 26,IMX,27.91,105
2026-04,Apr 26,ETHFI,44.05,107
2026-04,Apr 26,KAIA,22.66,108
2026-04,Apr 26,BTT,7.70,109
2026-04,Apr 26,PENDLE,28.36,111
2026-04,Apr 26,CFX,30.32,115
2026-04,Apr 26,LDO,33.44,117
2026-04,Apr 26,ZBCN,91.39,118
2026-04,Apr 26,DCR,77.74,119
2026-04,Apr 26,JASMY,29.38,121
2026-04,Apr 26,NFT,4.13,122
2026-04,Apr 26,OP,25.61,123
2026-04,Apr 26,TEL,50.12,124
2026-04,Apr 26,GRT,21.18,125
2026-04,Apr 26,STRK,42.66,126
2026-04,Apr 26,PYTH,32.33,127
2026-04,Apr 26,ENS,20.86,128
2026-05,May 26,SKY,24.34,45
2026-05,May 26,DEXE,53.60,46
2026-05,May 26,ICP,37.54,48
2026-05,May 26,WLD,26.96,52
2026-05,May 26,ETC,17.33,53
2026-05,May 26,AAVE,22.99,54
2026-05,May 26,ALGO,23.15,55
2026-05,May 26,RENDER,35.77,56
2026-05,May 26,KCS,7.41,58
2026-05,May 26,ATOM,18.85,59
2026-05,May 26,POL,19.13,60
2026-05,May 26,MORPHO,32.04,61
2026-05,May 26,VVV,60.77,62
2026-05,May 26,QNT,18.52,64
2026-05,May 26,KAS,30.65,65
2026-05,May 26,JST,13.07,66
2026-05,May 26,ENA,30.61,68
2026-05,May 26,APT,19.71,69
2026-05,May 26,FIL,33.68,70
2026-05,May 26,XDC,15.73,71
2026-05,May 26,FLR,18.15,73
2026-05,May 26,INJ,29.09,74
2026-05,May 26,ARB,23.97,76
2026-05,May 26,JUP,30.57,77
2026-05,May 26,FET,36.84,78
2026-05,May 26,VET,18.44,81
2026-05,May 26,DASH,65.94,82
2026-05,May 26,CAKE,21.02,86
2026-05,May 26,SEI,21.02,87
2026-05,May 26,VIRTUAL,47.45,88
2026-05,May 26,LUNC,41.35,90
2026-05,May 26,STX,23.19,93
2026-05,May 26,ZRO,39.31,94
2026-05,May 26,AERO,38.97,95
2026-05,May 26,SIREN,158.69,97
2026-05,May 26,SUN,11.43,98
2026-05,May 26,TIA,24.34,99
2026-05,May 26,XTZ,18.03,101
2026-05,May 26,CHZ,24.30,102
2026-05,May 26,ETHFI,36.22,103
2026-05,May 26,LIT,19.30,105
2026-05,May 26,CRV,30.49,106
2026-05,May 26,IMX,25.61,107
2026-05,May 26,PYTH,29.26,108
2026-05,May 26,BTT,7.21,110
2026-05,May 26,ZBCN,72.95,113
2026-05,May 26,KAIA,22.58,114
2026-05,May 26,GRT,23.03,116
2026-05,May 26,DCR,77.62,117
2026-05,May 26,LDO,28.60,119
2026-05,May 26,NFT,3.44,121
2026-05,May 26,JASMY,27.99,122
2026-05,May 26,CFX,30.36,123
2026-05,May 26,IOTA,23.23,125
2026-05,May 26,TEL,50.41,126
2026-05,May 26,JTO,22.41,127
2026-05,May 26,OP,23.64,128
2026-06,Jun 26,WLD,34.50,41
2026-06,Jun 26,DOT,21.14,43
2026-06,Jun 26,AAVE,22.37,46
2026-06,Jun 26,SKY,21.43,48
2026-06,Jun 26,ICP,40.16,49
2026-06,Jun 26,ETC,17.78,51
2026-06,Jun 26,MORPHO,32.74,54
2026-06,Jun 26,STABLE,51.76,56
2026-06,Jun 26,KCS,8.56,57
2026-06,Jun 26,BEAT,95.69,58
2026-06,Jun 26,KAS,29.09,59
2026-06,Jun 26,ATOM,18.85,60
2026-06,Jun 26,QNT,18.44,61
2026-06,Jun 26,RENDER,37.09,62
2026-06,Jun 26,JST,13.36,63
2026-06,Jun 26,ALGO,24.42,64
2026-06,Jun 26,POL,20.08,65
2026-06,Jun 26,JUP,31.51,66
2026-06,Jun 26,ENA,27.82,69
2026-06,Jun 26,VVV,64.95,71
2026-06,Jun 26,XDC,14.59,72
2026-06,Jun 26,FIL,34.75,73
2026-06,Jun 26,FLR,16.76,75
2026-06,Jun 26,ARB,19.87,78
2026-06,Jun 26,APT,16.47,79
2026-06,Jun 26,LIT,27.04,80
2026-06,Jun 26,INJ,30.98,81
2026-06,Jun 26,AERO,38.15,83
2026-06,Jun 26,CAKE,20.36,85
2026-06,Jun 26,DASH,68.27,86
2026-06,Jun 26,FET,37.91,88
2026-06,Jun 26,VET,17.41,89
2026-06,Jun 26,JTO,30.45,92
2026-06,Jun 26,VIRTUAL,46.88,94
2026-06,Jun 26,SEI,17.66,95
2026-06,Jun 26,TIA,22.26,96
2026-06,Jun 26,LUNC,43.93,97
2026-06,Jun 26,SUN,10.98,99
2026-06,Jun 26,PYTH,26.72,100
2026-06,Jun 26,ETHFI,32.74,101
2026-06,Jun 26,STX,21.84,102
2026-06,Jun 26,ZRO,41.02,103
2026-06,Jun 26,CRV,28.56,104
2026-06,Jun 26,H,205.04,107
2026-06,Jun 26,NFT,3.48,108
2026-06,Jun 26,BTT,6.06,109
2026-07,Jul 26,DOT,20.24,47
2026-07,Jul 26,ICP,38.89,48
2026-07,Jul 26,WLD,32.04,52
2026-07,Jul 26,ETC,16.76,53
2026-07,Jul 26,MORPHO,32.21,54
2026-07,Jul 26,KCS,8.97,56
2026-07,Jul 26,JST,13.52,58
2026-07,Jul 26,ENA,21.02,60
2026-07,Jul 26,POL,18.56,61
2026-07,Jul 26,KAS,27.74,62
2026-07,Jul 26,QNT,17.09,63
2026-07,Jul 26,RENDER,34.22,64
2026-07,Jul 26,ALGO,22.13,65
2026-07,Jul 26,ATOM,18.60,67
2026-07,Jul 26,JUP,30.98,68
2026-07,Jul 26,FIL,34.83,70
2026-07,Jul 26,VVV,66.76,71
2026-07,Jul 26,XDC,12.37,72
2026-07,Jul 26,FLR,14.46,73
2026-07,Jul 26,ARB,17.50,74
2026-07,Jul 26,LIT,31.47,75
2026-07,Jul 26,INJ,29.01,77
2026-07,Jul 26,APT,14.87,78
2026-07,Jul 26,CAKE,19.18,79
2026-07,Jul 26,AERO,37.78,82
2026-07,Jul 26,VET,16.22,83
2026-07,Jul 26,ETHFI,31.39,84
2026-07,Jul 26,DASH,66.92,85
2026-07,Jul 26,VIRTUAL,44.38,87
2026-07,Jul 26,SUN,10.94,90
2026-07,Jul 26,CRV,24.71,91
2026-07,Jul 26,FET,38.72,92
2026-07,Jul 26,PYTH,24.09,93
2026-07,Jul 26,SEI,14.63,94
2026-07,Jul 26,TIA,21.76,97
2026-07,Jul 26,LDO,25.38,98
2026-07,Jul 26,LUNC,43.03,100
2026-07,Jul 26,ZRO,39.63,101
2026-07,Jul 26,NFT,2.95,102
2026-07,Jul 26,KAITO,37.91,103
2026-07,Jul 26,JTO,33.44,104
2026-07,Jul 26,BTT,5.90,105
2026-08,Aug 26,ONDO,28.52,44
2026-08,Aug 26,SKY,18.31,45
2026-08,Aug 26,ENA,16.27,47
2026-08,Aug 26,DOT,18.72,48
2026-08,Aug 26,ICP,38.36,51
2026-08,Aug 26,WLD,30.24,52
2026-08,Aug 26,MORPHO,31.63,53
2026-08,Aug 26,ETC,16.06,55
2026-08,Aug 26,KCS,8.81,57
2026-08,Aug 26,POL,19.34,58
2026-08,Aug 26,LIT,35.86,59
2026-08,Aug 26,JST,12.70,61
2026-08,Aug 26,ALGO,21.14,62
2026-08,Aug 26,VVV,63.23,63
2026-08,Aug 26,ATOM,18.31,64
2026-08,Aug 26,KAS,26.35,65
2026-08,Aug 26,RENDER,34.26,67
2026-08,Aug 26,ARB,15.73,68
2026-08,Aug 26,QNT,17.58,69
2026-08,Aug 26,JUP,29.91,70
2026-08,Aug 26,DASH,68.60,72
2026-08,Aug 26,FLR,14.13,73
2026-08,Aug 26,CAKE,19.09,74
2026-08,Aug 26,XDC,12.82,75
2026-08,Aug 26,FIL,33.56,76
2026-08,Aug 26,VET,16.27,77
2026-08,Aug 26,ETHFI,30.16,78
2026-08,Aug 26,CRV,28.36,81
2026-08,Aug 26,INJ,31.84,83
2026-08,Aug 26,AERO,35.61,85
2026-08,Aug 26,VIRTUAL,42.62,87
2026-08,Aug 26,APT,13.07,88
2026-08,Aug 26,STX,24.18,90
2026-08,Aug 26,PYTH,27.70,91
2026-08,Aug 26,ZRO,41.92,92
2026-08,Aug 26,FET,40.36,93
2026-08,Aug 26,SEI,12.70,94
2026-08,Aug 26,SUN,10.32,98
2026-08,Aug 26,TIA,23.23,100
2026-08,Aug 26,PENDLE,30.04,102
2026-08,Aug 26,LDO,28.27,104
2026-08,Aug 26,BTT,5.61,107
2026-08,Aug 26,LUNC,42.95,108
2026-08,Aug 26,ENS,18.64,109
2026-08,Aug 26,DCR,85.49,110
2026-09,Sep 26,ONDO,30.45,40
2026-09,Sep 26,MNT,19.13,43
2026-09,Sep 26,WLD,45.08,44
2026-09,Sep 26,DOT,21.02,45
2026-09,Sep 26,ASTER,36.92,46
2026-09,Sep 26,ICP,40.94,47
2026-09,Sep 26,SKY,19.09,48
2026-09,Sep 26,WLFI,29.79,51
2026-09,Sep 26,ETC,17.78,54
2026-09,Sep 26,ARB,29.05,56
2026-09,Sep 26,VVV,68.60,57
2026-09,Sep 26,MORPHO,31.72,58
2026-09,Sep 26,KAS,28.81,59
2026-09,Sep 26,POL,20.53,60
2026-09,Sep 26,ALGO,23.56,62
2026-09,Sep 26,JUP,32.45,63
2026-09,Sep 26,JST,12.50,64
2026-09,Sep 26,KCS,8.36,65
2026-09,Sep 26,RENDER,35.61,67
2026-09,Sep 26,LIT,41.18,68
2026-09,Sep 26,ATOM,19.50,69
2026-09,Sep 26,FIL,37.29,70
2026-09,Sep 26,CAKE,20.12,71
2026-09,Sep 26,AERO,38.36,72
2026-09,Sep 26,DASH,74.34,74
2026-09,Sep 26,VET,18.93,75
2026-09,Sep 26,XDC,13.11,76
2026-09,Sep 26,ETHFI,30.73,77
2026-09,Sep 26,INJ,35.73,78
2026-09,Sep 26,APT,12.45,79
2026-09,Sep 26,STX,26.18,80
2026-09,Sep 26,ZRO,46.23,82
2026-09,Sep 26,FLR,14.22,83
2026-09,Sep 26,CRV,31.80,84
2026-09,Sep 26,PYTH,32.58,86
2026-09,Sep 26,SEI,15.57,88
2026-09,Sep 26,FET,44.30,90
2026-09,Sep 26,VIRTUAL,44.26,91
2026-09,Sep 26,RAY,33.97,92
2026-09,Sep 26,XPL,17.62,96
2026-09,Sep 26,PENDLE,31.72,98
2026-09,Sep 26,FF,50.69,100
2026-09,Sep 26,TIA,34.42,101
2026-09,Sep 26,BSV,18.68,102
2026-09,Sep 26,LDO,30.90,104
2026-09,Sep 26,BTT,6.84,106
2026-09,Sep 26,XTZ,18.68,108
2026-09,Sep 26,IMX,19.63,110
2026-09,Sep 26,SUN,4.91,111
2026-09,Sep 26,DCR,91.59,113
2026-09,Sep 26,STRK,28.93,114
2026-09,Sep 26,GRT,22.13,115
2026-09,Sep 26,SOON,32.54,117
2026-09,Sep 26,OP,14.13,118
2026-09,Sep 26,ENS,22.17,119
2026-09,Sep 26,LUNC,42.95,120
2026-09,Sep 26,ZBCN,48.07,121
2026-09,Sep 26,CFX,24.46,122
2026-09,Sep 26,JTO,40.08,123
2026-09,Sep 26,SYRUP,29.54,124
2026-09,Sep 26,AR,42.17,125
2026-09,Sep 26,RUNE,19.75,127
2026-09,Sep 26,TWT,17.95,128
